headshot,player_id,player,position_group,team,games,targets,receptions,yards,tds,yards_per_reception,yac,air_yards,adot,catch_rate,yac_per_reception,epa,wpa,success_rate,epa_per_target,target_share,air_yards_share,wopr,name_team,full_pos
"https://static.www.nfl.com/image/private/f_auto,q_auto/league/kmldtl8p9h7h5dzvkwsw",00-0030035,A.Thielen,WR,CAR,2,7,5,69,0,13.8,20,82,11.714285714285714,0.7142857142857143,4,2.1838145304936916,0.027713031158782542,0.5714285714285714,0.31197350435624166,0.12280701754385964,0.1782608695652174,0.30899313501144166,A.Thielen (CAR),Receiver/Tight End
"https://static.www.nfl.com/image/upload/f_auto,q_auto/league/xktmmeumuoglbuam75iz",00-0030061,Z.Ertz,TE,WAS,2,9,7,90,0,12.857142857142858,18,79,8.777777777777779,0.7777777777777778,2.5714285714285716,8.510199335636571,0.2892680912918877,0.8888888888888888,0.945577703959619,0.16666666666666666,0.3237704918032787,0.4766393442622951,Z.Ertz (WAS),Receiver/Tight End
"https://static.www.nfl.com/image/upload/f_auto,q_auto/league/lngo1onvkcqjnq7ozkuu",00-0030279,K.Allen,WR,CHI,1,11,4,29,0,7.25,15,105,9.545454545454545,0.36363636363636365,3.75,-2.8860872702037916,-0.04968750476837158,0.36363636363636365,-0.2623715700185265,0.16417910447761194,0.21042084168336672,0.3935632458947746,K.Allen (CHI),Receiver/Tight End
"https://static.www.nfl.com/image/upload/f_auto,q_auto/league/ilk4qbxxs6mt3v9zfvtg",00-0030506,T.Kelce,TE,KC,2,8,4,39,0,9.75,10,48,6,0.5,2.5,-4.171624206413981,-0.12320578098297119,0.25,-0.5214530258017476,0.14814814814814814,0.17843866171003717,0.3471292854192482,T.Kelce (KC),Receiver/Tight End
"https://static.www.nfl.com/image/upload/f_auto,q_auto/league/mcoovpx81ao3cdn0igbj",00-0030564,D.Hopkins,WR,TEN,2,3,2,17,0,8.5,2,23,7.666666666666667,0.6666666666666666,1,0.3657295518205501,0.006020873785018921,0.6666666666666666,0.12190985060685004,0.05,0.04518664047151277,0.10663064833005895,D.Hopkins (TEN),Receiver/Tight End
"https://static.www.nfl.com/image/upload/f_auto,q_auto/league/pjoksfxpbba4hevwpuop",00-0031236,B.Cooks,WR,DAL,2,9,6,59,1,9.833333333333334,7,96,10.666666666666666,0.6666666666666666,1.1666666666666667,2.6897819036510113,0.10428261492006374,0.5555555555555556,0.29886465596122347,0.12162162162162163,0.15118110236220472,0.2882592040859758,B.Cooks (DAL),Receiver/Tight End
"https://static.www.nfl.com/image/private/f_auto,q_auto/league/lzmaxofoalitaiiuchm7",00-0031299,J.Matthews,TE,CAR,1,1,0,0,0,NA,0,16,16,0,NA,-0.5819352744147182,-2.034206409007311e-5,0,-0.5819352744147182,0.017543859649122806,0.034782608695652174,0.05066361556064073,J.Matthews (CAR),Receiver/Tight End
"https://static.www.nfl.com/image/upload/f_auto,q_auto/league/ghny3c3lzro28anpepnr",00-0031381,D.Adams,WR,LV,2,20,14,169,1,12.071428571428571,36,197,9.85,0.7,2.5714285714285716,15.017684734717477,0.6461823147126341,0.7,0.7508842367358739,0.28169014084507044,0.5130208333333334,0.781649794600939,D.Adams (LV),Receiver/Tight End
"https://static.www.nfl.com/image/upload/f_auto,q_auto/league/vfsaie1uiokfczwv9p4d",00-0031408,M.Evans,WR,TB,2,12,8,103,2,12.875,26,107,8.916666666666666,0.6666666666666666,3.25,4.874317068867009,0.022135660099754317,0.6666666666666666,0.40619308907225077,0.24489795918367346,0.3664383561643836,0.6238537880905787,M.Evans (TB),Receiver/Tight End
"https://static.www.nfl.com/image/private/f_auto,q_auto/league/zibbxjtein7gpu5zgcj4",00-0031544,A.Cooper,WR,CLE,2,19,5,27,0,5.4,8,243,12.789473684210526,0.2631578947368421,1.6,-5.069248236250235,-0.1008502115146257,0.2631578947368421,-0.26680253875001236,0.24050632911392406,0.39705882352941174,0.6387006701414744,A.Cooper (CLE),Receiver/Tight End
"https://static.www.nfl.com/image/upload/f_auto,q_auto/league/wyxfkarcjgqdz3pl8nnr",00-0031549,N.Agholor,WR,BAL,2,4,2,19,0,9.5,3,58,14.5,0.5,1.5,-0.8096578439784983,-0.003545314073562622,0.5,-0.20241446099462457,0.05333333333333334,0.10469314079422383,0.15328519855595668,N.Agholor (BAL),Receiver/Tight End
"https://static.www.nfl.com/image/upload/f_auto,q_auto/league/jazo8egu5luwyxxcpjh8",00-0031585,M.Pruitt,TE,PIT,1,3,1,9,0,9,1,11,3.6666666666666665,0.3333333333333333,1,-0.3964500774163753,-0.020211905241012573,0.3333333333333333,-0.13215002580545843,0.06976744186046512,0.040293040293040296,0.13285629099582588,M.Pruitt (PIT),Receiver/Tight End
"https://static.www.nfl.com/image/upload/f_auto,q_auto/league/to2qwuffjnjlouctglsl",00-0031588,S.Diggs,WR,HOU,2,12,10,70,2,7,39,68,5.666666666666667,0.8333333333333334,3.9,6.28963572598383,0.2870831526744526,0.5,0.5241363104986525,0.17647058823529413,0.1285444234404537,0.35468697876125876,S.Diggs (HOU),Receiver/Tight End
"https://static.www.nfl.com/image/upload/f_auto,q_auto/league/t8tpgts9nlhw4uaqcb7x",00-0031690,E.Tomlinson,TE,LAC,1,1,0,0,0,NA,0,4,4,0,NA,-0.6601722548948601,-0.03264260292053223,0,-0.6601722548948601,0.021739130434782608,0.013157894736842105,0.04181922196796339,E.Tomlinson (LAC),Receiver/Tight End
"https://static.www.nfl.com/image/private/f_auto,q_auto/league/mh4cvggohuakwwhobzrk",00-0031763,D.Carter,WR,CHI,2,7,4,38,0,9.5,13,87,12.428571428571429,0.5714285714285714,3.25,3.021028961346019,0.10874344408512115,0.5714285714285714,0.43157556590657414,0.1044776119402985,0.1743486973947896,0.2787605060868005,D.Carter (CHI),Receiver/Tight End
"https://static.www.nfl.com/image/upload/f_auto,q_auto/league/rfysbrjrvfdr72cx8who",00-0031941,J.Crowder,WR,WAS,1,1,1,5,0,5,8,-3,-3,1,8,0.16020503407344222,0.005182117223739624,1,0.16020503407344222,0.018518518518518517,-0.012295081967213115,0.0191712204007286,J.Crowder (WAS),Receiver/Tight End
"https://static.www.nfl.com/image/upload/f_auto,q_auto/league/mr4h7vx02uwpr7xlfk6y",00-0032128,C.Conley,WR,SF,1,1,1,4,0,4,0,4,4,1,0,-0.17951470520347357,-0.01608077809214592,0,-0.17951470520347357,0.015384615384615385,0.006791171477079796,0.027830743110878936,C.Conley (SF),Receiver/Tight End
"https://static.www.nfl.com/image/upload/f_auto,q_auto/league/yz9p4pfwr0iyakhnwj4z",00-0032211,T.Lockett,WR,SEA,2,11,8,92,0,11.5,13,97,8.818181818181818,0.7272727272727273,1.625,3.13821724121226,0.33159998268820345,0.7272727272727273,0.2852924764738418,0.15714285714285714,0.18371212121212122,0.36431277056277056,T.Lockett (SEA),Receiver/Tight End
"https://static.www.nfl.com/image/private/f_auto,q_auto/league/jp2z8s6pcanbitupycwc",00-0032392,A.Hooper,TE,NE,2,5,3,36,0,12,33,21,4.2,0.6,11,1.1727061498677358,-1.2364983558654785e-4,0.4,0.23454122997354715,0.09803921568627451,0.07023411371237458,0.19622270312807397,A.Hooper (NE),Receiver/Tight End
"https://static.www.nfl.com/image/upload/f_auto,q_auto/league/srrlkx2mydsb8gfco6fp",00-0032394,N.Vannett,TE,TEN,2,3,2,11,0,5.5,11,0,0,0.6666666666666666,5.5,-0.6349295505788177,-7.510483264923096e-4,0.3333333333333333,-0.21164318352627257,0.05,0,0.07500000000000001,N.Vannett (TEN),Receiver/Tight End
"https://static.www.nfl.com/image/upload/f_auto,q_auto/league/hogsyuf9rqnzydmhbsht",00-0032464,K.Raymond,WR,DET,1,4,3,27,0,9,9,21,5.25,0.75,3,-0.8324542306945659,0.03765535354614258,0.5,-0.20811355767364148,0.047619047619047616,0.037037037037037035,0.09735449735449735,K.Raymond (DET),Receiver/Tight End
"https://static.www.nfl.com/image/private/f_auto,q_auto/league/hkcncqfwusv19fah3mbt",00-0032688,R.Chosen,WR,MIA,1,4,1,5,0,5,1,47,11.75,0.25,1,-8.406382423301693,-0.09658775886055082,0,-2.1015956058254233,0.05263157894736842,0.08752327746741155,0.1402136626482407,R.Chosen (MIA),Receiver/Tight End
"https://static.www.nfl.com/image/upload/f_auto,q_auto/league/lakf0xue1qqb7ed4p6ge",00-0032775,D.Robinson,WR,LA,2,12,6,92,0,15.333333333333334,8,133,11.083333333333334,0.5,1.3333333333333333,6.722840760776307,0.22291783127002418,0.5833333333333334,0.5602367300646923,0.15789473684210525,0.2962138084632517,0.444191771187434,D.Robinson (LA),Receiver/Tight End
"https://static.www.nfl.com/image/upload/f_auto,q_auto/league/ttifog0hjxprlhkagugu",00-0033009,T.Boyd,WR,TEN,2,10,5,44,0,8.8,16,95,9.5,0.5,3.2,-0.7412548313150182,-0.09181633219122887,0.5,-0.07412548313150183,0.16666666666666666,0.18664047151277013,0.38064833005893906,T.Boyd (TEN),Receiver/Tight End
"https://static.www.nfl.com/image/upload/f_auto,q_auto/league/gdwjlpbkenmnsibawkht",00-0033040,T.Hill,WR,MIA,2,18,10,154,1,15.4,109,222,12.333333333333334,0.5555555555555556,10.9,2.730422057657233,0.0294674603433438,0.3888888888888889,0.15169011431429072,0.23684210526315788,0.4134078212290503,0.644648632755072,T.Hill (MIA),Receiver/Tight End
"https://static.www.nfl.com/image/private/f_auto,q_auto/league/sdjob9akppefyo7py5tj",00-0033090,H.Henry,TE,NE,2,15,10,127,0,12.7,68,94,6.266666666666667,0.6666666666666666,6.8,9.447812815598176,0.17288228869438171,0.6666666666666666,0.6298541877065451,0.29411764705882354,0.31438127090301005,0.6612433602203422,H.Henry (NE),Receiver/Tight End
"https://static.www.nfl.com/image/upload/f_auto,q_auto/league/f4orwwthvtcyd3vfqjvs",00-0033217,M.Alie-Cox,TE,IND,2,2,1,22,0,22,9,19,9.5,0.5,9,1.119539801729843,0.026547566056251526,0.5,0.5597699008649215,0.03773584905660377,0.026134800550206328,0.07489813397005009,M.Alie-Cox (IND),Receiver/Tight End
"https://static.www.nfl.com/image/upload/f_auto,q_auto/league/ievumbznrtys9b2esphz",00-0033246,J.Mundt,TE,MIN,2,6,4,27,0,6.75,11,20,3.3333333333333335,0.6666666666666666,2.75,1.3858028104295954,-9.801983833312988e-4,0.3333333333333333,0.23096713507159924,0.12,0.056338028169014086,0.21943661971830986,J.Mundt (MIN),Receiver/Tight End
"https://static.www.nfl.com/image/upload/f_auto,q_auto/league/mq62ulflifrpjrcyknbj",00-0033282,C.Samuel,WR,BUF,2,4,3,18,0,6,18,25,6.25,0.75,6,-0.29836258583236486,-0.005027070641517639,0.5,-0.07459064645809121,0.09523809523809523,0.08196721311475409,0.20023419203747073,C.Samuel (BUF),Receiver/Tight End
"https://static.www.nfl.com/image/upload/f_auto,q_auto/league/ivkrikewqqdllzvano8h",00-0033288,G.Kittle,TE,SF,2,14,11,116,1,10.545454545454545,54,84,6,0.7857142857142857,4.909090909090909,10.022245077649131,0.22727839016546814,0.6428571428571429,0.7158746484035093,0.2153846153846154,0.14261460101867574,0.4229071437899961,G.Kittle (SF),Receiver/Tight End
"https://static.www.nfl.com/image/upload/f_auto,q_auto/league/ub7mmdqtfzxnq9edsa2h",00-0033375,T.Patrick,WR,DET,1,3,2,12,0,6,10,19,6.333333333333333,0.6666666666666666,5,-0.47951734432717785,-0.02857130765914917,0.3333333333333333,-0.15983911477572596,0.03571428571428571,0.03350970017636684,0.07702821869488535,T.Patrick (DET),Receiver/Tight End
"https://static.www.nfl.com/image/upload/f_auto,q_auto/league/g38aikrr9weo8h1xpehu",00-0033536,M.Williams,WR,NYJ,1,2,1,19,0,19,2,17,8.5,0.5,2,4.675283492251765,0.21731147170066833,1,2.3376417461258825,0.03333333333333333,0.04696132596685083,0.08287292817679558,M.Williams (NYJ),Receiver/Tight End
"https://static.www.nfl.com/image/upload/f_auto,q_auto/league/xchw7quzjszgrm6psbyg",00-0033555,M.Hollins,WR,BUF,2,3,2,25,1,12.5,1,18,6,0.6666666666666666,0.5,2.2647411341313273,0.17317499230714206,0.6666666666666666,0.754913711377109,0.07142857142857142,0.05901639344262295,0.1484543325526932,M.Hollins (BUF),Receiver/Tight End
"https://static.www.nfl.com/image/upload/f_auto,q_auto/league/pxcadtlbynaz2qbffpei",00-0033576,E.Saubert,TE,SF,2,3,2,26,0,13,11,36,12,0.6666666666666666,5.5,-0.9592572857476274,0.019741013646125793,0.6666666666666666,-0.31975242858254244,0.046153846153846156,0.06112054329371817,0.11201514953637196,E.Saubert (SF),Receiver/Tight End
"https://static.www.nfl.com/image/private/f_auto,q_auto/league/mysdmg1kkmxc6cywb1jh",00-0033589,D.Moore,WR,CAR,2,4,1,14,0,14,0,44,11,0.25,0,-6.736309572705068,5.3021052735857666e-5,0.25,-1.684077393176267,0.07017543859649122,0.09565217391304348,0.17221967963386725,D.Moore (CAR),Receiver/Tight End
"https://static.www.nfl.com/image/upload/f_auto,q_auto/league/jeir99ccrbh5o9p9vn47",00-0033591,N.Brown,WR,WAS,1,3,3,56,0,18.666666666666668,17,39,13,1,5.666666666666667,3.3186100487364456,0.21464183926582336,1,1.1062033495788153,0.05555555555555555,0.1598360655737705,0.19521857923497266,N.Brown (WAS),Receiver/Tight End
"https://static.www.nfl.com/image/private/f_auto,q_auto/league/ypoituliieghtndjrzaz",00-0033857,J.Smith-Schuster,WR,KC,1,2,0,0,0,NA,0,13,6.5,0,NA,0.7846228109656126,0.027107536792755127,0.5,0.3923114054828063,0.037037037037037035,0.048327137546468404,0.08938455183808344,J.Smith-Schuster (KC),Receiver/Tight End
"https://static.www.nfl.com/image/upload/f_auto,q_auto/league/p8uldtljkzb6sile3wgx",00-0033858,J.Smith,TE,MIA,2,9,7,60,0,8.571428571428571,37,41,4.555555555555555,0.7777777777777778,5.285714285714286,-0.3764349070843309,0.008893991820514202,0.5555555555555556,-0.04182610078714788,0.11842105263157894,0.07635009310986965,0.23107664412427717,J.Smith (MIA),Receiver/Tight End
"https://static.www.nfl.com/image/private/f_auto,q_auto/league/adr65rbw956sxntlph8a",00-0033881,E.Engram,TE,JAX,1,5,1,5,0,5,1,30,6,0.2,1,-2.0925185891683213,-0.05537286400794983,0.2,-0.41850371783366425,0.09803921568627451,0.05272407732864675,0.18396567765946448,E.Engram (JAX),Receiver/Tight End
"https://static.www.nfl.com/image/private/f_auto,q_auto/league/ilvxwdllivrvwbuj69cm",00-0033885,D.Njoku,TE,CLE,1,6,4,44,0,11,28,21,3.5,0.6666666666666666,7,0.367676283873152,-0.06941039673984051,0.16666666666666666,0.06127938064552533,0.0759493670886076,0.03431372549019608,0.13794365847604864,D.Njoku (CLE),Receiver/Tight End
"https://static.www.nfl.com/image/upload/f_auto,q_auto/league/aayw74rhaupmfnnikzak",00-0033895,G.Everett,TE,CHI,2,4,3,0,0,0,9,-4,-1,0.75,3,-2.175482167804148,-0.061760082840919495,0,-0.543870541951037,0.05970149253731343,-0.008016032064128256,0.08394101636108037,G.Everett (CHI),Receiver/Tight End
"https://static.www.nfl.com/image/upload/f_auto,q_auto/league/sq7zwzcgrajuk0hwwph2",00-0033908,C.Kupp,WR,LA,2,28,18,147,1,8.166666666666666,65,195,6.964285714285714,0.6428571428571429,3.611111111111111,-2.3381633411731135,-0.22214727791502997,0.42857142857142855,-0.08350583361332549,0.3684210526315789,0.43429844097995546,0.8566404876333371,C.Kupp (LA),Receiver/Tight End
"https://static.www.nfl.com/image/upload/f_auto,q_auto/league/al7b3dzqhysgve7l5lke",00-0033921,C.Godwin,WR,TB,2,16,15,200,2,13.333333333333334,109,111,6.9375,0.9375,7.266666666666667,19.301766508222123,0.4171628692336491,0.8125,1.2063604067638827,0.32653061224489793,0.3801369863013699,0.7558918087783058,C.Godwin (TB),Receiver/Tight End
"https://static.www.nfl.com/image/upload/f_auto,q_auto/league/ifukozhqlo1728h3gjnp",00-0033943,J.Reynolds,WR,DEN,2,13,9,140,0,15.555555555555555,26,155,11.923076923076923,0.6923076923076923,2.888888888888889,10.868115480407141,0.17913266457617283,0.6153846153846154,0.8360088831082416,0.16883116883116883,0.2631578947368421,0.43745727956254277,J.Reynolds (DEN),Receiver/Tight End
"https://static.www.nfl.com/image/upload/f_auto,q_auto/league/opdpeoconvviwkufolxr",00-0034159,W.Dissly,TE,LAC,2,4,4,42,0,10.5,31,11,2.75,1,7.75,3.287248272448778,0.0461808443069458,1,0.8218120681121945,0.08695652173913043,0.03618421052631579,0.1557637299771167,W.Dissly (LAC),Receiver/Tight End
"https://static.www.nfl.com/image/upload/f_auto,q_auto/league/chajhumpfogd8effewe6",00-0034270,T.Conklin,TE,NYJ,2,4,2,16,0,8,11,3,0.75,0.5,5.5,-1.3219904763973318,-0.051492722355760634,0.5,-0.33049761909933295,0.06666666666666667,0.008287292817679558,0.1058011049723757,T.Conklin (NYJ),Receiver/Tight End
"https://static.www.nfl.com/image/upload/f_auto,q_auto/league/voutjbaunuwmyp6ywy5n",00-0034272,M.Valdes-Scantling,WR,BUF,2,3,1,19,0,19,5,84,28,0.3333333333333333,5,-1.8902563471347094,-0.017147183418273926,0.3333333333333333,-0.6300854490449032,0.07142857142857142,0.2754098360655738,0.2999297423887588,M.Valdes-Scantling (BUF),Receiver/Tight End
"https://static.www.nfl.com/image/upload/f_auto,q_auto/league/qts95gbd6hv65s9eiseq",00-0034348,C.Sutton,WR,DEN,2,18,5,64,0,12.8,13,208,11.555555555555555,0.2777777777777778,2.6,-13.262586395465657,-0.3039400652050972,0.2777777777777778,-0.7368103553036476,0.23376623376623376,0.3531409168081494,0.5978479924150553,C.Sutton (DEN),Receiver/Tight End
"https://static.www.nfl.com/image/upload/f_auto,q_auto/league/wfj54vhw1zxwwb3vdi61",00-0034351,D.Goedert,TE,PHI,2,10,7,69,0,9.857142857142858,40,34,3.4,0.7,5.714285714285714,-2.3124786536500324,-0.021300911903381348,0.4,-0.23124786536500325,0.15625,0.08056872037914692,0.2907731042654028,D.Goedert (PHI),Receiver/Tight End
"https://static.www.nfl.com/image/private/f_auto,q_auto/league/fgkl9zfpy2yxrkxfge84",00-0034364,J.Akins,TE,CLE,2,6,4,37,0,9.25,23,20,3.3333333333333335,0.6666666666666666,5.75,2.6345852938247845,0.03582867587101646,0.8333333333333334,0.4390975489707974,0.0759493670886076,0.032679738562091505,0.13679986762637544,J.Akins (CLE),Receiver/Tight End
"https://static.www.nfl.com/image/upload/f_auto,q_auto/league/ooatvpu1knzypdmjljo9",00-0034383,D.Schultz,TE,HOU,2,8,5,37,0,7.4,15,39,4.875,0.625,3,2.666777837846894,-0.027091145515441895,0.625,0.3333472297308617,0.11764705882352941,0.07372400756143667,0.22807739352829975,D.Schultz (HOU),Receiver/Tight End
"https://static.www.nfl.com/image/private/f_auto,q_auto/league/vr9tayyujt23takv3hv3",00-0034386,Ju.Watson,WR,KC,2,4,3,47,0,15.666666666666666,19,28,7,0.75,6.333333333333333,3.9945359735284,0.10872790217399597,1,0.9986339933821,0.07407407407407407,0.10408921933085502,0.18397356464270961,Ju.Watson (KC),Receiver/Tight End
"https://static.www.nfl.com/image/upload/f_auto,q_auto/league/nvwn3sdihyyd2itjt7vy",00-0034407,R.McCloud,WR,ATL,2,13,7,94,0,13.428571428571429,20,119,9.153846153846153,0.5384615384615384,2.857142857142857,-1.3124959769193083,-0.03546962887048721,0.5384615384615384,-0.10096122899379295,0.23214285714285715,0.31733333333333336,0.570347619047619,R.McCloud (ATL),Receiver/Tight End
"https://static.www.nfl.com/image/upload/f_auto,q_auto/league/yvzkjvb0ieeszxribqc9",00-0034419,B.Berrios,WR,MIA,2,5,0,0,0,NA,0,21,4.2,0,NA,-4.731799229164608,-0.06004367582499981,0.4,-0.9463598458329215,0.06578947368421052,0.03910614525139665,0.12605851220229344,B.Berrios (MIA),Receiver/Tight End
"https://static.www.nfl.com/image/upload/f_auto,q_auto/league/esdvav44ezzmwbwe1rju",00-0034487,T.Sherfield,WR,MIN,1,2,1,17,0,17,12,16,8,0.5,12,-5.100680080591701,-0.04116468131542206,0.5,-2.5503400402958505,0.04,0.04507042253521127,0.09154929577464788,T.Sherfield (MIN),Receiver/Tight End
"https://static.www.nfl.com/image/private/f_auto,q_auto/league/blrzk3bfnpneuyhsqiqg",00-0034521,A.Lazard,WR,NYJ,2,13,8,100,2,12.5,31,148,11.384615384615385,0.6153846153846154,3.875,7.1385965269000735,-0.017340811643749454,0.6153846153846154,0.5491228097615442,0.21666666666666667,0.4088397790055249,0.6111878453038674,A.Lazard (NYJ),Receiver/Tight End
"https://static.www.nfl.com/image/upload/f_auto,q_auto/league/fbtxfvqvgv0al8msbr1e",00-0034613,T.Hudson,TE,CIN,1,3,2,18,0,9,10,13,4.333333333333333,0.6666666666666666,5,-5.744859178899787,-0.1287970319390297,0,-1.9149530596332625,0.046153846153846156,0.03359173126614987,0.09274498111707415,T.Hudson (CIN),Receiver/Tight End
"https://static.www.nfl.com/image/upload/f_auto,q_auto/league/kpggzzkazhxoq4e77xho",00-0034646,B.Powell,WR,MIN,1,2,2,16,0,8,5,11,5.5,1,2.5,2.697220589441713,0.05863982439041138,1,1.3486102947208565,0.04,0.030985915492957747,0.08169014084507042,B.Powell (MIN),Receiver/Tight End
"https://static.www.nfl.com/image/upload/f_auto,q_auto/league/y5maejm3puruskwc344y",00-0034753,M.Andrews,TE,BAL,2,8,6,65,0,10.833333333333334,20,74,9.25,0.75,3.3333333333333335,1.8031722765299492,0.022462300956249237,0.625,0.22539653456624364,0.10666666666666667,0.13357400722021662,0.25350180505415165,M.Andrews (BAL),Receiver/Tight End
"https://static.www.nfl.com/image/private/f_auto,q_auto/league/ersmmtjmjlpsy9lmjvde",00-0034775,C.Kirk,WR,JAX,2,9,2,29,0,14.5,6,129,14.333333333333334,0.2222222222222222,3,-2.013138571230229,-0.1275177225470543,0.2222222222222222,-0.22368206347002545,0.17647058823529413,0.22671353251318102,0.4234053551121679,C.Kirk (JAX),Receiver/Tight End
"https://static.www.nfl.com/image/upload/f_auto,q_auto/league/twxkgrnpjotgyhwawfsv",00-0034798,D.Smythe,TE,MIA,2,4,1,8,0,8,4,21,5.25,0.25,4,-0.9412526213563979,-0.037475841818377376,0.25,-0.23531315533909947,0.05263157894736842,0.03910614525139665,0.10632167009703028,D.Smythe (MIA),Receiver/Tight End
"https://static.www.nfl.com/image/upload/f_auto,q_auto/league/hqb9xnzm9brx79zl6wve",00-0034827,D.Moore,WR,CHI,2,19,11,89,0,8.090909090909092,63,165,8.68421052631579,0.5789473684210527,5.7272727272727275,-0.4791912170651069,0.07654469087719917,0.42105263157894735,-0.025220590371847734,0.2835820895522388,0.3306613226452906,0.6568360601800616,D.Moore (CHI),Receiver/Tight End
"https://static.www.nfl.com/image/upload/f_auto,q_auto/league/zabpknonv9ozmkyw4qqt",00-0034829,M.Gesicki,TE,CIN,2,14,10,109,0,10.9,57,90,6.428571428571429,0.7142857142857143,5.7,5.650261829724289,0.16946178674697876,0.6428571428571429,0.40359013069459204,0.2153846153846154,0.23255813953488372,0.4858676207513417,M.Gesicki (CIN),Receiver/Tight End
"https://static.www.nfl.com/image/upload/f_auto,q_auto/league/qxvkvmi2fphxjqyb21nv",00-0034830,H.Hurst,TE,LAC,2,7,3,38,0,12.666666666666666,10,37,5.285714285714286,0.42857142857142855,3.3333333333333335,1.2871022935723886,0.07348126173019409,0.7142857142857143,0.18387175622462695,0.15217391304347827,0.12171052631578948,0.31345823798627004,H.Hurst (LAC),Receiver/Tight End
"https://static.www.nfl.com/image/private/f_auto,q_auto/league/jnknuowszoqaywqoopy7",00-0034837,C.Ridley,WR,TEN,2,15,7,127,1,18.142857142857142,23,319,21.266666666666666,0.4666666666666667,3.2857142857142856,10.599659026949666,0.3974926899341329,0.6,0.7066439351299778,0.25,0.6267190569744597,0.8137033398821218,C.Ridley (TEN),Receiver/Tight End
"https://static.www.nfl.com/image/upload/f_auto,q_auto/league/p1abjttm5pu8gev0gwea",00-0034960,J.Meyers,WR,LV,2,9,7,90,0,12.857142857142858,26,73,8.11111111111111,0.7777777777777778,3.7142857142857144,7.379562275193166,0.17895331233739853,0.7777777777777778,0.8199513639103517,0.1267605633802817,0.19010416666666666,0.32321376173708916,J.Meyers (LV),Receiver/Tight End
"https://static.www.nfl.com/image/upload/f_auto,q_auto/league/hfcik9okcbwsbhgoaljy",00-0034981,F.Moreau,TE,NO,2,5,4,43,1,10.75,8,35,7,0.8,2,2.4189002859639004,-0.011256988405144108,0.6,0.48378005719278006,0.125,0.10263929618768329,0.2593475073313783,F.Moreau (NO),Receiver/Tight End
"https://static.www.nfl.com/image/upload/f_auto,q_auto/league/so1vzml0sxv84xoyyr2n",00-0035021,A.Dulin,WR,IND,2,3,2,67,1,33.5,43,43,14.333333333333334,0.6666666666666666,21.5,4.739050337986555,0.14970331326637876,0.6666666666666666,1.5796834459955182,0.05660377358490566,0.059147180192572216,0.12630868651215904,A.Dulin (IND),Receiver/Tight End
"https://static.www.nfl.com/image/upload/f_auto,q_auto/league/hcmdnfgnnvcp0qbktpxd",00-0035208,O.Zaccheaus,WR,WAS,2,6,4,29,0,7.25,21,23,3.8333333333333335,0.6666666666666666,5.25,-1.4472933671833916,-0.035474986099870875,0.5,-0.24121556119723195,0.1111111111111111,0.0942622950819672,0.2326502732240437,O.Zaccheaus (WAS),Receiver/Tight End
"https://static.www.nfl.com/image/upload/f_auto,q_auto/league/syk5xhvwikwmbaplpm8k",00-0035216,Dio.Johnson,WR,CAR,2,12,5,34,0,6.8,12,102,8.5,0.4166666666666667,2.4,-11.476817552293259,-0.23625692835776135,0.3333333333333333,-0.9564014626911049,0.21052631578947367,0.2217391304347826,0.4710068649885583,Dio.Johnson (CAR),Receiver/Tight End
"https://static.www.nfl.com/image/private/f_auto,q_auto/league/pwd3muzyjclgjlwwtdah",00-0035249,J.Oliver,TE,MIN,1,2,2,27,0,13.5,1,26,13,1,0.5,1.5066327243112028,0.03027433156967163,0.5,0.7533163621556014,0.04,0.07323943661971831,0.11126760563380281,J.Oliver (MIN),Receiver/Tight End
"https://static.www.nfl.com/image/upload/f_auto,q_auto/league/q6yiyvs3vlibz7w0wa9b",00-0035341,T.Irwin,WR,CIN,2,8,2,11,0,5.5,4,46,5.75,0.25,2,-6.119718732347028,-0.19215911626815796,0.25,-0.7649648415433785,0.12307692307692308,0.11886304909560723,0.2678195189823097,T.Irwin (CIN),Receiver/Tight End
"https://static.www.nfl.com/image/upload/f_auto,q_auto/league/yjmyfuozafxd7zwf3mlr",00-0035406,L.Humphrey,WR,DEN,2,6,4,50,0,12.5,36,30,5,0.6666666666666666,9,-0.9506395360804163,-0.0218818262219429,0.5,-0.15843992268006937,0.07792207792207792,0.050933786078098474,0.1525367671377858,L.Humphrey (DEN),Receiver/Tight End
"https://static.www.nfl.com/image/upload/f_auto,q_auto/league/gkog6lrht3rnktwiberj",00-0035500,G.Dortch,WR,ARI,2,10,8,58,0,7.25,29,71,7.1,0.8,3.625,1.1886865485722158,0.020913109183311462,0.5,0.11886865485722158,0.19230769230769232,0.17530864197530865,0.4111775878442545,G.Dortch (ARI),Receiver/Tight End
"https://static.www.nfl.com/image/upload/f_auto,q_auto/league/zhm6evj813ucss03ndlx",00-0035535,D.Slayton,WR,NYG,2,11,6,59,0,9.833333333333334,4,84,7.636363636363637,0.5454545454545454,0.6666666666666666,-2.16704242097307,-0.02113330724835405,0.5454545454545454,-0.19700385645209728,0.1527777777777778,0.16666666666666666,0.3458333333333333,D.Slayton (NYG),Receiver/Tight End
"https://static.www.nfl.com/image/upload/f_auto,q_auto/league/i4s3x6uwpru9p2czwode",00-0035544,T.Kennedy,WR,DET,1,1,0,0,0,NA,0,11,11,0,NA,-2.2307364916196093,-0.19384723901748657,0,-2.2307364916196093,0.011904761904761904,0.019400352733686066,0.0314373897707231,T.Kennedy (DET),Receiver/Tight End
"https://static.www.nfl.com/image/upload/f_auto,q_auto/league/xufsbdqfujdqnrnozhg4",00-0035631,D.Sample,TE,CIN,1,3,3,28,0,9.333333333333334,18,10,3.3333333333333335,1,6,2.1602445491589606,0.07278895378112793,1,0.7200815163863202,0.046153846153846156,0.025839793281653745,0.08731862452792685,D.Sample (CIN),Receiver/Tight End
"https://static.www.nfl.com/image/upload/f_auto,q_auto/league/ezpzdcvzlu5ga4uv6oas",00-0035640,D.Metcalf,WR,SEA,2,22,13,158,1,12.153846153846153,66,211,9.590909090909092,0.5909090909090909,5.076923076923077,5.671345897120889,0.07657134712900027,0.5454545454545454,0.25778844986913135,0.3142857142857143,0.3996212121212121,0.7511634199134198,D.Metcalf (SEA),Receiver/Tight End
"https://static.www.nfl.com/image/private/f_auto,q_auto/league/w1gqasldrg3jumzdqjvy",00-0035644,N.Fant,TE,SEA,2,9,3,25,0,8.333333333333334,16,35,3.888888888888889,0.3333333333333333,5.333333333333333,-3.554552234360017,-0.11536696553230286,0.2222222222222222,-0.3949502482622241,0.12857142857142856,0.06628787878787878,0.23925865800865798,N.Fant (SEA),Receiver/Tight End
"https://static.www.nfl.com/image/upload/f_auto,q_auto/league/wokz1etv1wj1vhbmvxgs",00-0035659,T.McLaurin,WR,WAS,2,13,8,39,0,4.875,25,111,8.538461538461538,0.6153846153846154,3.125,-2.6912063878262416,-0.14868218565243296,0.3076923076923077,-0.20701587598663396,0.24074074074074073,0.45491803278688525,0.6795537340619308,T.McLaurin (WAS),Receiver/Tight End
"https://static.www.nfl.com/image/private/f_auto,q_auto/league/a014sgzctarbvhwb35lw",00-0035676,A.Brown,WR,PHI,1,10,5,119,1,23.8,65,104,10.4,0.5,13,5.005039690353442,0.16210723120078874,0.5,0.5005039690353442,0.15625,0.24644549763033174,0.40688684834123223,A.Brown (PHI),Receiver/Tight End
"https://static.www.nfl.com/image/upload/f_auto,q_auto/league/uazfj5l5vzow2oyfa1s6",00-0035689,D.Knox,TE,BUF,1,2,1,23,0,23,17,19,9.5,0.5,17,1.0504236366832629,0.032445043325424194,0.5,0.5252118183416314,0.047619047619047616,0.06229508196721312,0.11503512880562061,D.Knox (BUF),Receiver/Tight End
"https://static.www.nfl.com/image/upload/f_auto,q_auto/league/shqoqpjwwoiexzy6cmgb",00-0035719,D.Samuel,WR,SF,2,19,13,164,0,12.615384615384615,54,187,9.842105263157896,0.6842105263157895,4.153846153846154,2.6557200505105283,1.479312777519226e-4,0.47368421052631576,0.1397747395005541,0.2923076923076923,0.3174872665534805,0.6607026250489748,D.Samuel (SF),Receiver/Tight End
"https://static.www.nfl.com/image/upload/f_auto,q_auto/league/pdsl9w3agc9uvjqpq1jy",00-0036040,J.Johnson,TE,NO,1,3,2,26,1,13,4,42,14,0.6666666666666666,2,2.459984186454676,0.004080961458384991,0.6666666666666666,0.8199947288182253,0.075,0.12316715542521994,0.19871700879765394,J.Johnson (NO),Receiver/Tight End
"https://static.www.nfl.com/image/upload/f_auto,q_auto/league/rlmgjtfct5qjtbwcjqg6",00-0036196,G.Davis,WR,JAX,2,11,6,105,0,17.5,26,148,13.454545454545455,0.5454545454545454,4.333333333333333,0.6093451903058638,0.14906523376703262,0.5454545454545454,0.05539501730053307,0.21568627450980393,0.2601054481546573,0.505603225472966,G.Davis (JAX),Receiver/Tight End
"https://static.www.nfl.com/image/upload/f_auto,q_auto/league/jjarmcwkadvr7tynkpuj",00-0036232,H.Bryant,TE,LV,1,1,0,0,0,NA,0,18,18,0,NA,-3.3840677570551634,-0.12592411041259766,0,-3.3840677570551634,0.014084507042253521,0.046875,0.053939260563380276,H.Bryant (LV),Receiver/Tight End
"https://static.www.nfl.com/image/upload/f_auto,q_auto/league/crjyx8tutyzn8bomqbdc",00-0036244,C.Parkinson,TE,LA,2,7,5,59,0,11.8,36,26,3.7142857142857144,0.7142857142857143,7.2,4.638230783166364,0.14043350628344342,0.5714285714285714,0.6626043975951948,0.09210526315789473,0.05790645879732739,0.17869241589497126,C.Parkinson (LA),Receiver/Tight End
"https://static.www.nfl.com/image/private/f_auto,q_auto/league/wnymcombo2plamteihiy",00-0036252,M.Pittman,WR,IND,2,15,7,52,0,7.428571428571429,10,162,10.8,0.4666666666666667,1.4285714285714286,-7.283366150448144,-0.13760311529040337,0.26666666666666666,-0.48555774336320956,0.2830188679245283,0.22283356258596973,0.5805117956969713,M.Pittman (IND),Receiver/Tight End
"https://static.www.nfl.com/image/upload/f_auto,q_auto/league/fqyzagb57zrtegmw69eb",00-0036259,J.Jennings,WR,SF,2,9,7,101,0,14.428571428571429,16,109,12.11111111111111,0.7777777777777778,2.2857142857142856,5.811424200463484,0.07397398352622986,0.6666666666666666,0.6457138000514981,0.13846153846153847,0.18505942275042445,0.3372339036176048,J.Jennings (SF),Receiver/Tight End
"https://static.www.nfl.com/image/upload/f_auto,q_auto/league/qnfyhqxbppevv28hd3rx",00-0036261,B.Aiyuk,WR,SF,2,10,6,71,0,11.833333333333334,6,100,10,0.6,1,6.148407895122939,0.07023287191987038,0.5,0.6148407895122939,0.15384615384615385,0.1697792869269949,0.3496147316181272,B.Aiyuk (SF),Receiver/Tight End
"https://static.www.nfl.com/image/upload/f_auto,q_auto/league/o3cfpcor86ghjwyn8icp",00-0036268,L.Shenault,WR,SEA,2,2,2,6,0,3,14,-8,-4,1,7,-0.5231634186347947,-0.006601095199584961,0,-0.2615817093173973,0.02857142857142857,-0.015151515151515152,0.03225108225108225,L.Shenault (SEA),Receiver/Tight End
"https://static.www.nfl.com/image/upload/f_auto,q_auto/league/fdxpctcmwjupassg9g9d",00-0036290,C.Kmet,TE,CHI,2,6,5,31,0,6.2,12,46,7.666666666666667,0.8333333333333334,2.4,-1.5463671646721195,-0.021986134350299835,0.5,-0.2577278607786866,0.08955223880597014,0.09218436873747494,0.19885741632518766,C.Kmet (CHI),Receiver/Tight End
"https://static.www.nfl.com/image/upload/f_auto,q_auto/league/c1ixyspw0eshl3a2qrly",00-0036309,D.Mooney,WR,ATL,2,10,4,103,1,25.75,37,153,15.3,0.4,9.25,3.957304441224551,0.2923717899546028,0.4,0.39573044412245506,0.17857142857142858,0.408,0.5534571428571429,D.Mooney (ATL),Receiver/Tight End
"https://static.www.nfl.com/image/upload/f_auto,q_auto/league/vrftbpzwk6qmv0zjcysg",00-0036322,J.Jefferson,WR,MIN,2,13,8,192,2,24,88,169,13,0.6153846153846154,11,12.689253069402184,0.2808197584399629,0.46153846153846156,0.9760963899540142,0.26,0.476056338028169,0.7232394366197183,J.Jefferson (MIN),Receiver/Tight End
"https://static.www.nfl.com/image/private/f_auto,q_auto/league/rbgsvh08nmm29gaiw7pr",00-0036345,K.Osborn,WR,NE,2,8,4,28,0,7,6,40,5,0.5,1.5,-3.607030510484059,-0.005063363118097186,0.375,-0.4508788138105074,0.1568627450980392,0.13377926421404682,0.3289396025968916,K.Osborn (NE),Receiver/Tight End
"https://static.www.nfl.com/image/upload/f_auto,q_auto/league/tfuj9njqdw2dovkwhryc",00-0036358,C.Lamb,WR,DAL,2,19,9,151,1,16.77777777777778,89,202,10.631578947368421,0.47368421052631576,9.88888888888889,0.5768043412873012,0.22780652930754397,0.3684210526315789,0.030358123225647432,0.25675675675675674,0.31811023622047246,0.6078123004894658,C.Lamb (DAL),Receiver/Tight End
"https://static.www.nfl.com/image/upload/f_auto,q_auto/league/szca1v9butuqkjs7ekpm",00-0036407,J.Jeudy,WR,CLE,2,14,8,98,1,12.25,11,186,13.285714285714286,0.5714285714285714,1.375,7.2332041070912965,0.2503131443506512,0.5,0.5166574362208068,0.17721518987341772,0.30392156862745096,0.4785678828493422,J.Jeudy (CLE),Receiver/Tight End
"https://static.www.nfl.com/image/upload/f_auto,q_auto/league/v2vkt9htky3xawu8yskx",00-0036415,V.Jefferson,WR,PIT,2,7,3,15,0,5,12,42,6,0.42857142857142855,4,-1.0764614336276197,-0.025543272495269775,0.42857142857142855,-0.15378020480394566,0.16279069767441862,0.15384615384615385,0.35187835420393565,V.Jefferson (PIT),Receiver/Tight End
"https://static.www.nfl.com/image/upload/f_auto,q_auto/league/qvqigum2qjhil0z3er2c",00-0036422,A.Trautman,TE,DEN,1,1,0,0,0,NA,0,5,5,0,NA,-0.8347016689367592,-0.026642978191375732,0,-0.8347016689367592,0.012987012987012988,0.008488964346349746,0.025422794522964302,A.Trautman (DEN),Receiver/Tight End
"https://static.www.nfl.com/image/upload/f_auto,q_auto/league/vktiajeyqc8s9s6mjws7",00-0036427,T.Johnson,WR,LA,2,10,7,99,0,14.142857142857142,78,42,4.2,0.7,11.142857142857142,0.040368024609051645,0.08293991163372993,0.5,0.004036802460905165,0.13157894736842105,0.0935412026726058,0.2628472629234556,T.Johnson (LA),Receiver/Tight End
"https://static.www.nfl.com/image/upload/f_auto,q_auto/league/hllqdtlyjbs2gbdgn6lj",00-0036429,C.Woerner,TE,ATL,1,2,1,4,0,4,1,5,2.5,0.5,1,-1.3814424874726683,-0.047394752502441406,0,-0.6907212437363341,0.03571428571428571,0.013333333333333334,0.06290476190476191,C.Woerner (ATL),Receiver/Tight End
"https://static.www.nfl.com/image/upload/f_auto,q_auto/league/os5eurhh1y45sixa8phl",00-0036527,D.Turner,WR,LV,1,1,1,9,0,9,11,-2,-2,1,11,-0.664478238101327,-0.0495138019323349,0,-0.664478238101327,0.014084507042253521,-0.005208333333333333,0.017480927230046947,D.Turner (LV),Receiver/Tight End
"https://static.www.nfl.com/image/upload/f_auto,q_auto/league/jkcapzvd65fxivefjv8l",00-0036550,R.Bateman,WR,BAL,2,9,5,93,0,18.6,10,157,17.444444444444443,0.5555555555555556,2,-1.2131294242587405,0.004430077970027924,0.4444444444444444,-0.13479215825097116,0.12,0.2833935018050541,0.3783754512635379,R.Bateman (BAL),Receiver/Tight End
"https://static.www.nfl.com/image/upload/f_auto,q_auto/league/q7c9aq8rpremfygslmya",00-0036554,N.Collins,WR,HOU,2,18,14,252,1,18,59,245,13.61111111111111,0.7777777777777778,4.214285714285714,17.88508697785437,0.5717114356424593,0.6666666666666666,0.9936159432141317,0.2647058823529412,0.46313799621928164,0.721255420882909,N.Collins (HOU),Receiver/Tight End
"https://static.www.nfl.com/image/upload/f_auto,q_auto/league/sw6kge0me7ei8opbvfjq",00-0036556,B.Jordan,TE,HOU,2,3,2,7,0,3.5,3,1,0.3333333333333333,0.6666666666666666,1.5,1.45120431156829,0.06365212798118591,0.3333333333333333,0.4837347705227633,0.04411764705882353,0.001890359168241966,0.06749972200600467,B.Jordan (HOU),Receiver/Tight End
"https://static.www.nfl.com/image/private/f_auto,q_auto/league/qjsz2h6shbdnksctzeka",00-0036613,J.Waddle,WR,MIA,2,10,9,150,0,16.666666666666668,49,101,10.1,0.9,5.444444444444445,12.99404226007755,0.33992334455251694,0.7,1.299404226007755,0.13157894736842105,0.18808193668528864,0.32902577673233363,J.Waddle (MIA),Receiver/Tight End
"https://static.www.nfl.com/image/upload/f_auto,q_auto/league/mibh7ud59ygmzm19ivac",00-0036626,D.Brown,WR,WAS,1,4,2,17,0,8.5,20,17,4.25,0.5,10,-0.5512384646045394,-0.01147472858428955,0.5,-0.13780961615113485,0.07407407407407407,0.06967213114754098,0.1598816029143898,D.Brown (WAS),Receiver/Tight End
"https://static.www.nfl.com/image/upload/f_auto,q_auto/league/edpnkleev10rpzfgjakv",00-0036628,J.Bates,TE,WAS,2,2,1,5,0,5,3,-1,-0.5,0.5,3,-0.7940062347333878,-0.006012037396430969,0,-0.3970031173666939,0.037037037037037035,-0.004098360655737705,0.05268670309653916,J.Bates (WAS),Receiver/Tight End
"https://static.www.nfl.com/image/upload/f_auto,q_auto/league/erihh0eiq4m76k2ejvax",00-0036637,N.Gray,TE,KC,1,3,3,37,0,12.333333333333334,16,21,7,1,5.333333333333333,2.2231544970709365,0.04767143726348877,1,0.7410514990236455,0.05555555555555555,0.07806691449814127,0.1379801734820322,N.Gray (KC),Receiver/Tight End
"https://static.www.nfl.com/image/upload/f_auto,q_auto/league/irowew9hgqaa9vcd8fri",00-0036754,B.Wright,TE,DET,1,1,1,2,0,2,2,0,0,1,2,0.07840156473685056,-0.007050216197967529,1,0.07840156473685056,0.011904761904761904,0,0.017857142857142856,B.Wright (DET),Receiver/Tight End
"https://static.www.nfl.com/image/upload/f_auto,q_auto/league/hpvbp9pn7ifbh62nde0n",00-0036849,T.Atwell,WR,LA,1,4,3,48,0,16,0,55,13.75,0.75,0,2.8532103507895954,-0.005053548113210127,0.75,0.7133025876973988,0.05263157894736842,0.12249443207126949,0.16469347087094127,T.Atwell (LA),Receiver/Tight End
"https://static.www.nfl.com/image/upload/f_auto,q_auto/league/rydvwc7sqwucvx14s8b4",00-0036876,K.Granson,TE,IND,2,3,1,9,0,9,7,24,8,0.3333333333333333,7,-4.029738367709797,-0.11076007783412933,0.3333333333333333,-1.3432461225699324,0.05660377358490566,0.033012379642365884,0.10801432612701461,K.Granson (IND),Receiver/Tight End
"https://static.www.nfl.com/image/upload/f_auto,q_auto/league/f2z7wpmx7ngtxcqqedla",00-0036887,L.Farrell,TE,JAX,1,2,2,13,0,6.5,6,7,3.5,1,3,1.3329114445950836,0.024799183011054993,1,0.6664557222975418,0.0392156862745098,0.012302284710017574,0.067435128708777,L.Farrell (JAX),Receiver/Tight End
"https://static.www.nfl.com/image/upload/f_auto,q_auto/league/sozfjyy3bmntjv8tmqah",00-0036894,P.Freiermuth,TE,PIT,2,8,8,66,0,8.25,32,34,4.25,1,4,2.216967168217486,0.0852300226688385,0.5,0.27712089602718576,0.18604651162790697,0.12454212454212454,0.3662492546213476,P.Freiermuth (PIT),Receiver/Tight End
"https://static.www.nfl.com/image/upload/f_auto,q_auto/league/qkcb3qt2fhasfgtfuprd",00-0036900,J.Chase,WR,CIN,2,12,10,97,0,9.7,40,61,5.083333333333333,0.8333333333333334,4,5.16725299123209,0.09972289204597473,0.75,0.43060441593600746,0.18461538461538463,0.15762273901808785,0.3872589942357384,J.Chase (CIN),Receiver/Tight End
"https://static.www.nfl.com/image/upload/f_auto,q_auto/league/bmdflwy52nsk7zpnfhwb",00-0036912,D.Smith,WR,PHI,2,18,14,160,1,11.428571428571429,54,170,9.444444444444445,0.7777777777777778,3.857142857142857,10.207842618285213,0.01641896002282217,0.6666666666666666,0.5671023676825118,0.28125,0.4028436018957346,0.7038655213270142,D.Smith (PHI),Receiver/Tight End
"https://static.www.nfl.com/image/upload/f_auto,q_auto/league/jmfuamqblg8jag0stpnq",00-0036963,A.St. Brown,WR,DET,2,25,14,132,0,9.428571428571429,36,216,8.64,0.56,2.5714285714285716,-8.51238196954364,-0.31829679012298584,0.4,-0.34049527878174557,0.2976190476190476,0.38095238095238093,0.713095238095238,A.St. Brown (DET),Receiver/Tight End
"https://static.www.nfl.com/image/upload/f_auto,q_auto/league/t8ymqyhvv8i1r80jyhy2",00-0036970,K.Pitts,TE,ATL,2,8,6,46,1,7.666666666666667,11,39,4.875,0.75,1.8333333333333333,-0.7918775770582767,-0.06868235294898206,0.375,-0.09898469713228458,0.14285714285714285,0.104,0.2870857142857143,K.Pitts (ATL),Receiver/Tight End
"https://static.www.nfl.com/image/private/f_auto,q_auto/league/bhwvzckfhhcqhb7zdqyj",00-0036980,E.Moore,WR,CLE,2,14,9,53,0,5.888888888888889,22,62,4.428571428571429,0.6428571428571429,2.4444444444444446,-10.44704483692892,-0.05861705029383302,0.35714285714285715,-0.7462174883520658,0.17721518987341772,0.10130718954248366,0.3367378174898651,E.Moore (CLE),Receiver/Tight End
"https://static.www.nfl.com/image/upload/f_auto,q_auto/league/dexbsmmldvsqtr83or5l",00-0036988,J.Palmer,WR,LAC,2,6,4,34,0,8.5,12,46,7.666666666666667,0.6666666666666666,3,0.05177053165852996,-0.019035011529922485,0.5,0.008628421943088327,0.13043478260869565,0.1513157894736842,0.3015732265446224,J.Palmer (LAC),Receiver/Tight End
"https://static.www.nfl.com/image/private/f_auto,q_auto/league/s1t4b3y1pq7n3oxlgqjh",00-0037005,T.Tremble,TE,CAR,1,4,3,23,0,7.666666666666667,18,15,3.75,0.75,6,-1.5228712952230126,-0.028808031231164932,0.25,-0.38071782380575314,0.07017543859649122,0.03260869565217391,0.12808924485125858,T.Tremble (CAR),Receiver/Tight End
"https://static.www.nfl.com/image/upload/f_auto,q_auto/league/vxl0kathuej280k01d2r",00-0037086,G.Calcaterra,TE,PHI,2,3,3,30,0,10,11,19,6.333333333333333,1,3.6666666666666665,2.320022110361606,0.05002272129058838,1,0.7733407034538686,0.046875,0.045023696682464455,0.10182908767772511,G.Calcaterra (PHI),Receiver/Tight End
"https://static.www.nfl.com/image/upload/f_auto,q_auto/league/mcmvgrgtd3ba4wkvmeg2",00-0037093,D.Young,WR,SEA,1,1,0,0,0,NA,0,9,9,0,NA,-1.76345443446689,-0.044561922550201416,0,-1.76345443446689,0.014285714285714285,0.017045454545454544,0.03336038961038961,D.Young (SEA),Receiver/Tight End
"https://static.www.nfl.com/image/upload/f_auto,q_auto/league/zxyoxfakwak4h9eiv5mu",00-0037132,B.Covey,WR,PHI,1,8,6,23,0,3.8333333333333335,12,11,1.375,0.75,2,-0.9767529149539769,-0.06522831320762634,0.25,-0.12209411436924711,0.125,0.026066350710900472,0.20574644549763033,B.Covey (PHI),Receiver/Tight End
"https://static.www.nfl.com/image/upload/f_auto,q_auto/league/wikjazqtt3uunjufgqrf",00-0037238,D.London,WR,ATL,2,11,8,69,1,8.625,9,76,6.909090909090909,0.7272727272727273,1.125,-1.7085264045598452,0.028731344018467997,0.6363636363636364,-0.1553205822327132,0.19642857142857142,0.20266666666666666,0.4365095238095238,D.London (ATL),Receiver/Tight End
"https://static.www.nfl.com/image/upload/f_auto,q_auto/league/riiwbow7zphqmomiazph",00-0037239,C.Olave,WR,NO,2,9,6,92,0,15.333333333333334,27,91,10.11111111111111,0.6666666666666666,4.5,2.0159896296681836,0.17100629629567266,0.5555555555555556,0.22399884774090928,0.225,0.2668621700879765,0.5243035190615836,C.Olave (NO),Receiver/Tight End
"https://static.www.nfl.com/image/upload/f_auto,q_auto/league/kt6xzcnjbe9affdfsayt",00-0037240,J.Williams,WR,DET,2,20,10,200,1,20,86,256,12.8,0.5,8.6,1.0900737078608809,-0.08679523311518555,0.35,0.054503685393044045,0.23809523809523808,0.4514991181657848,0.6731922398589064,J.Williams (DET),Receiver/Tight End
"https://static.www.nfl.com/image/upload/f_auto,q_auto/league/klxzcb6p7ekngcognpiy",00-0037247,G.Pickens,WR,PIT,2,15,8,114,0,14.25,12,147,9.8,0.5333333333333333,1.5,7.591107354379643,0.31053900718688965,0.4666666666666667,0.5060738236253095,0.3488372093023256,0.5384615384615384,0.9001788908765653,G.Pickens (PIT),Receiver/Tight End
"https://static.www.nfl.com/image/upload/f_auto,q_auto/league/tt3eyuomt5onokrqstsl",00-0037252,G.Dulcich,TE,DEN,2,11,5,28,0,5.6,15,71,6.454545454545454,0.45454545454545453,3,-6.207625403243583,-0.12404058128595352,0.09090909090909091,-0.564329582113053,0.14285714285714285,0.12054329371816638,0.2986660198884307,G.Dulcich (DEN),Receiver/Tight End
"https://static.www.nfl.com/image/private/f_auto,q_auto/league/otv2kkn3lxonp9z43bdj",00-0037257,D.Bell,WR,CLE,1,3,3,27,0,9,8,19,6.333333333333333,1,2.6666666666666665,3.214173211832531,0.09300047159194946,0.6666666666666666,1.0713910706108436,0.0379746835443038,0.03104575163398693,0.07869405146024655,D.Bell (CLE),Receiver/Tight End
"https://static.www.nfl.com/image/upload/f_auto,q_auto/league/ch2yarhiobqlvr9ls2yw",00-0037261,K.Shakir,WR,BUF,2,8,8,96,1,12,41,55,6.875,1,5.125,11.054450327064842,0.2687533058810132,0.875,1.3818062908831052,0.19047619047619047,0.18032786885245902,0.411943793911007,K.Shakir (BUF),Receiver/Tight End
"https://static.www.nfl.com/image/upload/f_auto,q_auto/league/fe9b3l4fz6n02gbr5zbt",00-0037291,J.Nailor,WR,MIN,2,5,4,75,2,18.75,7,72,14.4,0.8,1.75,5.863915451267058,0.11621328217027238,0.8,1.1727830902534115,0.1,0.2028169014084507,0.2919718309859155,J.Nailor (MIN),Receiver/Tight End
"https://static.www.nfl.com/image/upload/f_auto,q_auto/league/xrp8dougs6jb0denyorz",00-0037292,A.Ogletree,TE,IND,1,2,1,12,0,12,5,26,13,0.5,5,-0.19634861950180493,0.0048525333404541016,0,-0.09817430975090247,0.03773584905660377,0.03576341127922971,0.08163816148036646,A.Ogletree (IND),Receiver/Tight End
"https://static.www.nfl.com/image/upload/f_auto,q_auto/league/mnaref4vwyau8mbsp0ri",00-0037545,R.Shaheed,WR,NO,2,10,7,169,2,24.142857142857142,65,158,15.8,0.7,9.285714285714286,14.869949244381448,0.32891836200889113,0.6,1.4869949244381448,0.25,0.4633431085043988,0.6993401759530791,R.Shaheed (NO),Receiver/Tight End
"https://static.www.nfl.com/image/upload/f_auto,q_auto/league/hvtcpccoigf9cghzkxcg",00-0037664,A.Pierce,WR,IND,2,11,8,181,2,22.625,10,225,20.454545454545453,0.7272727272727273,1.25,8.827298498566961,0.22409403852579401,0.7272727272727273,0.8024816816879056,0.20754716981132076,0.30949105914718017,0.5279644961200073,A.Pierce (IND),Receiver/Tight End
"https://static.www.nfl.com/image/upload/f_auto,q_auto/league/cek1m1cbly5rfmmmjpcc",00-0037666,J.Tolbert,WR,DAL,2,12,7,94,0,13.428571428571429,7,131,10.916666666666666,0.5833333333333334,1,1.7847179443342611,0.02596321376040578,0.4166666666666667,0.14872649536118843,0.16216216216216217,0.2062992125984252,0.3876526920621409,J.Tolbert (DAL),Receiver/Tight End
"https://static.www.nfl.com/image/private/f_auto,q_auto/league/llgosx4tokddwnyrgvbx",00-0037740,G.Wilson,WR,NYJ,2,17,10,117,0,11.7,44,156,9.176470588235293,0.5882352941176471,4.4,3.3515259691048414,0.2903315562289208,0.5882352941176471,0.19714858641793184,0.2833333333333333,0.430939226519337,0.7266574585635359,G.Wilson (NYJ),Receiver/Tight End
"https://static.www.nfl.com/image/upload/f_auto,q_auto/league/o1ndhqsvh5aygj4kdg5c",00-0037741,J.Dotson,WR,PHI,2,2,1,6,0,6,11,-5,-2.5,0.5,11,-0.6551391371758655,-0.020842432975769043,0.5,-0.32756956858793274,0.03125,-0.011848341232227487,0.038581161137440756,J.Dotson (PHI),Receiver/Tight End
"https://static.www.nfl.com/image/upload/f_auto,q_auto/league/xinnrxloao8wvyps7e3m",00-0037742,T.Burks,WR,TEN,2,4,1,2,0,2,-1,54,13.5,0.25,-1,-3.1940666341688484,-0.06088501214981079,0.25,-0.7985166585422121,0.06666666666666667,0.10609037328094302,0.17426326129666012,T.Burks (TEN),Receiver/Tight End
"https://static.www.nfl.com/image/upload/f_auto,q_auto/league/hfdgljgi9gfaskomdl1h",00-0037744,T.McBride,TE,ARI,2,15,11,97,0,8.818181818181818,36,108,7.2,0.7333333333333333,3.272727272727273,6.408375400671503,-0.054301053285598755,0.6,0.42722502671143353,0.28846153846153844,0.26666666666666666,0.6193589743589742,T.McBride (ARI),Receiver/Tight End
"https://static.www.nfl.com/image/private/f_auto,q_auto/league/gb06eaw6prinklkdkv2d",00-0037745,V.Jones,WR,CHI,1,1,1,8,0,8,13,-5,-5,1,13,0.5649058053968474,0.04153883457183838,1,0.5649058053968474,0.014925373134328358,-0.01002004008016032,0.015374031645380312,V.Jones (CHI),Receiver/Tight End
"https://static.www.nfl.com/image/upload/f_auto,q_auto/league/lwkox2bvc6k3hqmidf4q",00-0037801,K.Turpin,WR,DAL,2,5,2,4,0,2,11,24,4.8,0.4,5.5,-2.7503885098267347,-0.02931951280334033,0,-0.5500777019653469,0.06756756756756757,0.03779527559055118,0.1278080442647372,K.Turpin (DAL),Receiver/Tight End
"https://static.www.nfl.com/image/private/f_auto,q_auto/league/w6bf97vbqitoyo5o7xaa",00-0037805,J.Ruckert,TE,NYJ,1,3,0,0,0,NA,0,12,4,0,NA,-1.964823160228093,-0.07174950838088989,0,-0.6549410534093644,0.05,0.03314917127071823,0.09820441988950276,J.Ruckert (NYJ),Receiver/Tight End
"https://static.www.nfl.com/image/upload/f_auto,q_auto/league/ut2gqeq2lowknrro0wlu",00-0037809,C.Okonkwo,TE,TEN,2,5,5,31,1,6.2,15,16,3.2,1,3,1.2739314025384374,-0.06749876922353581,0.2,0.2547862805076875,0.08333333333333333,0.03143418467583497,0.14700392927308448,C.Okonkwo (TEN),Receiver/Tight End
"https://static.www.nfl.com/image/upload/f_auto,q_auto/league/dyulbddqbqshoqdxgo63",00-0037816,R.Doubs,WR,GB,2,10,7,112,0,16,22,114,11.4,0.7,3.142857142857143,9.84793121035499,0.10244448482990265,0.7,0.984793121035499,0.20408163265306123,0.2780487804878049,0.5007565953210553,R.Doubs (GB),Receiver/Tight End
"https://static.www.nfl.com/image/private/f_auto,q_auto/league/qlt6ztqcbu0uzad6aavt",00-0037837,C.Austin,WR,PIT,2,6,2,13,0,6.5,0,34,5.666666666666667,0.3333333333333333,0,-1.0042866294280222,5.487203598022461e-4,0.3333333333333333,-0.16738110490467037,0.13953488372093023,0.12454212454212454,0.2964818127608825,C.Austin (PIT),Receiver/Tight End
"https://static.www.nfl.com/image/upload/f_auto,q_auto/league/xmikfnklnpjmzjhbjrur",00-0037838,I.Likely,TE,BAL,2,15,11,137,1,12.454545454545455,95,124,8.266666666666667,0.7333333333333333,8.636363636363637,7.007515630975831,0.07910637871090032,0.7333333333333333,0.4671677087317221,0.2,0.22382671480144403,0.4566787003610109,I.Likely (BAL),Receiver/Tight End
"https://static.www.nfl.com/image/upload/f_auto,q_auto/league/rwxrfhejpngq0avhb8qg",00-0038041,J.Ferguson,TE,DAL,1,5,3,15,0,5,15,36,7.2,0.6,5,-1.6062974917003885,-0.058011382818222046,0.2,-0.3212594983400777,0.06756756756756757,0.05669291338582677,0.1410363907214301,J.Ferguson (DAL),Receiver/Tight End
"https://static.www.nfl.com/image/upload/f_auto,q_auto/league/n7duzqver13movvgcint",00-0038046,C.Kolar,TE,BAL,1,1,1,4,0,4,0,4,4,1,0,-0.27497776923701167,-0.002790093421936035,0,-0.27497776923701167,0.013333333333333334,0.007220216606498195,0.025054151624548736,C.Kolar (BAL),Receiver/Tight End
"https://static.www.nfl.com/image/private/f_auto,q_auto/league/p1kulrgf4v2grethuefi",00-0038104,T.Thornton,WR,NE,1,3,2,27,0,13.5,3,57,19,0.6666666666666666,1.5,2.109593758243136,0.03139209747314453,0.6666666666666666,0.7031979194143787,0.058823529411764705,0.19063545150501673,0.22168011017115877,T.Thornton (NE),Receiver/Tight End
"https://static.www.nfl.com/image/upload/f_auto,q_auto/league/f9xmqszyicfahxrcqevp",00-0038115,D.Bellinger,TE,NYG,1,1,1,3,0,3,1,2,2,1,1,-0.4797999633010477,-0.023674964904785156,0,-0.4797999633010477,0.013888888888888888,0.003968253968253968,0.02361111111111111,D.Bellinger (NYG),Receiver/Tight End
"https://static.www.nfl.com/image/upload/f_auto,q_auto/league/z94hnehk9vgmvtad6sgi",00-0038117,W.Robinson,WR,NYG,2,16,8,62,2,7.75,15,83,5.1875,0.5,1.875,-11.158943382389957,0.016665072569572725,0.4375,-0.6974339613993723,0.2222222222222222,0.16468253968253968,0.44861111111111107,W.Robinson (NYG),Receiver/Tight End
"https://static.www.nfl.com/image/upload/f_auto,q_auto/league/qenktpex0mep8er8dzxj",00-0038124,C.Watson,WR,GB,1,6,3,13,1,4.333333333333333,3,53,8.833333333333334,0.5,1,-4.276225901637439,-0.1263858661156041,0.16666666666666666,-0.7127043169395731,0.12244897959183673,0.12926829268292683,0.27416127426580383,C.Watson (GB),Receiver/Tight End
"https://static.www.nfl.com/image/upload/f_auto,q_auto/league/mljam77kst1wlqd5y91v",00-0038129,C.Otton,TE,TB,2,4,1,5,0,5,3,6,1.5,0.25,3,-2.033451551978942,-0.04228615760803223,0.25,-0.5083628879947355,0.08163265306122448,0.02054794520547945,0.13683254123567234,C.Otton (TB),Receiver/Tight End
"https://static.www.nfl.com/image/upload/f_auto,q_auto/league/ghsev2bmz8kvhm8dsbey",00-0038393,D.Wicks,WR,GB,2,8,3,26,1,8.666666666666666,8,74,9.25,0.375,2.6666666666666665,4.588576754264068,0.08307800889724493,0.5,0.5735720942830085,0.16326530612244897,0.18048780487804877,0.3712394225983076,D.Wicks (GB),Receiver/Tight End
"https://static.www.nfl.com/image/private/f_auto,q_auto/league/tqo7wkjetkgupevxfvnv",00-0038496,X.Gipson,WR,NYJ,1,1,0,0,0,NA,0,0,0,0,NA,-0.947,-3.649772405625029e-4,0,-0.947,0.016666666666666666,0,0.025,X.Gipson (NYJ),Receiver/Tight End
"https://static.www.nfl.com/image/upload/f_auto,q_auto/league/pn2skj2e8lojstlgfyps",00-0038507,G.DuBose,WR,MIA,1,3,1,13,0,13,0,52,17.333333333333332,0.3333333333333333,0,-3.068327079701703,-0.1099716629832983,0.3333333333333333,-1.022775693233901,0.039473684210526314,0.09683426443202979,0.12699451141821033,G.DuBose (MIA),Receiver/Tight End
"https://static.www.nfl.com/image/upload/f_auto,q_auto/league/lfroslgx4bo5p641flvg",00-0038543,J.Smith-Njigba,WR,SEA,2,21,15,136,0,9.066666666666666,54,178,8.476190476190476,0.7142857142857143,3.6,8.529458531120326,0.19377260410692543,0.7142857142857143,0.4061646919581108,0.3,0.3371212121212121,0.6859848484848484,J.Smith-Njigba (SEA),Receiver/Tight End
"https://static.www.nfl.com/image/upload/f_auto,q_auto/league/jbxlvsbokf9qdqtet1qr",00-0038544,Q.Johnston,WR,LAC,2,11,8,89,2,11.125,41,115,10.454545454545455,0.7272727272727273,5.125,5.924610417443687,0.1415463423489952,0.5454545454545454,0.5386009470403352,0.2391304347826087,0.3782894736842105,0.6234982837528604,Q.Johnston (LAC),Receiver/Tight End
"https://static.www.nfl.com/image/upload/f_auto,q_auto/league/fd4exg1hqzlm9sk6ruu6",00-0038547,L.Schoonmaker,TE,DAL,1,6,6,43,0,7.166666666666667,28,15,2.5,1,4.666666666666667,0.6972853442421183,0.01594694479717873,0.6666666666666666,0.11621422404035305,0.08108108108108109,0.023622047244094488,0.13815705469248776,L.Schoonmaker (DAL),Receiver/Tight End
"https://static.www.nfl.com/image/upload/f_auto,q_auto/league/i6bxioxqzrc9hepszyjf",00-0038558,D.Washington,TE,PIT,2,2,2,10,1,5,1,9,4.5,1,0.5,3.0266715149628,0.07557841821136246,1,1.5133357574814,0.046511627906976744,0.03296703296703297,0.0928443649373882,D.Washington (PIT),Receiver/Tight End
"https://static.www.nfl.com/image/upload/f_auto,q_auto/league/spsbduvpqe21tgkwhvbc",00-0038559,Mi.Wilson,WR,ARI,2,4,3,36,1,12,7,48,12,0.75,2.3333333333333335,5.044760910212062,0.027110431588041495,0.75,1.2611902275530156,0.07692307692307693,0.11851851851851852,0.19834757834757835,Mi.Wilson (ARI),Receiver/Tight End
"https://static.www.nfl.com/image/upload/f_auto,q_auto/league/soebzcfwhgnjffwqv1ox",00-0038563,T.Tucker,WR,LV,2,5,4,35,0,8.75,30,17,3.4,0.8,7.5,1.7239970815717243,0.10124633833765984,0.6,0.34479941631434485,0.07042253521126761,0.044270833333333336,0.13662338615023473,T.Tucker (LV),Receiver/Tight End
"https://static.www.nfl.com/image/upload/f_auto,q_auto/league/tbncr0bm5daiafdei8i8",00-0038576,C.Jones,WR,CIN,1,1,1,5,0,5,0,5,5,1,0,0.16390190861420706,-0.0014009177684783936,1,0.16390190861420706,0.015384615384615385,0.012919896640826873,0.03212085072550189,C.Jones (CIN),Receiver/Tight End
"https://static.www.nfl.com/image/upload/f_auto,q_auto/league/ccstvnbjzprcpb2j9xnb",00-0038589,J.Whyle,TE,TEN,1,2,2,13,0,6.5,8,5,2.5,1,4,0.5410326403216459,0.017177879810333252,0.5,0.27051632016082294,0.03333333333333333,0.009823182711198428,0.0568762278978389,J.Whyle (TEN),Receiver/Tight End
"https://static.www.nfl.com/image/private/f_auto,q_auto/league/pukz1x5ysxkhvsmcttdm",00-0038606,P.Washington,WR,JAX,2,2,1,3,0,3,5,-6,-3,0.5,5,-1.4705510986968875,-0.010665610432624817,0,-0.7352755493484437,0.0392156862745098,-0.01054481546572935,0.05144215858575416,P.Washington (JAX),Receiver/Tight End
"https://static.www.nfl.com/image/upload/f_auto,q_auto/league/vlxzxhej5ffelkxrqf4g",00-0038618,X.Hutchinson,WR,HOU,2,2,1,3,0,3,0,6,3,0.5,0,-1.946932658437899,-0.05183380842208862,0,-0.9734663292189495,0.029411764705882353,0.011342155009451797,0.052057155565439786,X.Hutchinson (HOU),Receiver/Tight End
"https://static.www.nfl.com/image/upload/f_auto,q_auto/league/pgbqgzrxmbnmpcnkhsya",00-0038619,A.Iosivas,WR,CIN,2,11,5,33,2,6.6,3,74,6.7272727272727275,0.45454545454545453,0.6,5.231714942783583,0.1959234010269869,0.45454545454545453,0.47561044934396207,0.16923076923076924,0.19121447028423771,0.3876962830451202,A.Iosivas (CIN),Receiver/Tight End
"https://static.www.nfl.com/image/private/f_auto,q_auto/league/svnh61ottqtfmcqvnbj3",00-0038621,D.Douglas,WR,NE,2,4,2,12,0,6,2,18,4.5,0.5,1,0.3222902952693403,0.08101540803909302,0.5,0.08057257381733507,0.0784313725490196,0.06020066889632107,0.15978752705095417,D.Douglas (NE),Receiver/Tight End
"https://static.www.nfl.com/image/upload/f_auto,q_auto/league/jdwbrmypfsotpdw86w6u",00-0038640,J.Brooks,WR,DAL,2,4,2,28,0,14,9,81,20.25,0.5,4.5,-8.03981517459033,-0.05558063150965609,0.5,-2.0099537936475826,0.05405405405405406,0.12755905511811025,0.17037241966375827,J.Brooks (DAL),Receiver/Tight End
"https://static.www.nfl.com/image/upload/f_auto,q_auto/league/ycrsps9cgsfkyppucwrr",00-0038720,J.Hill,TE,MIA,2,3,1,6,0,6,3,41,13.666666666666666,0.3333333333333333,3,-0.859701894922182,-0.001708940602838993,0.3333333333333333,-0.28656729830739397,0.039473684210526314,0.07635009310986965,0.11265559149269821,J.Hill (MIA),Receiver/Tight End
"https://static.www.nfl.com/image/upload/f_auto,q_auto/league/vf5wazbhc3u7x7vjhojq",00-0038752,J.Bobo,WR,SEA,1,2,2,15,0,7.5,4,11,5.5,1,2,-0.12731225579045713,0.006082773208618164,0.5,-0.06365612789522856,0.02857142857142857,0.020833333333333332,0.05744047619047619,J.Bobo (SEA),Receiver/Tight End
"https://static.www.nfl.com/image/upload/f_auto,q_auto/league/zbvo4oy4twbharwpmsqv",00-0038783,N.Adkins,TE,DEN,1,1,0,0,0,NA,0,23,23,0,NA,-0.5027385035064071,-0.013742484152317047,0,-0.5027385035064071,0.012987012987012988,0.03904923599320883,0.046814984675765656,N.Adkins (DEN),Receiver/Tight End
"https://static.www.nfl.com/image/upload/f_auto,q_auto/league/rsimqxdfwlb1n9qd4w3g",00-0038933,D.Kincaid,TE,BUF,2,6,5,44,0,8.8,47,-7,-1.1666666666666667,0.8333333333333334,9.4,2.636733445979189,0.05773845314979553,0.8333333333333334,0.4394555743298649,0.14285714285714285,-0.022950819672131147,0.19822014051522246,D.Kincaid (BUF),Receiver/Tight End
"https://static.www.nfl.com/image/private/f_auto,q_auto/league/trfk78mrfsafnbatyx2x",00-0038935,B.Strange,TE,JAX,1,6,3,65,0,21.666666666666668,11,82,13.666666666666666,0.5,3.6666666666666665,3.9627110185882573,0.0647074431180954,0.5,0.6604518364313762,0.11764705882352941,0.14411247803163443,0.2773493228574382,B.Strange (JAX),Receiver/Tight End
"https://static.www.nfl.com/image/private/f_auto,q_auto/league/ibftqfglvcqaipfdnr4f",00-0038938,J.Hyatt,WR,NYG,1,1,0,0,0,NA,0,18,18,0,NA,-0.49964240938425064,-2.894273493438959e-4,0,-0.49964240938425064,0.013888888888888888,0.03571428571428571,0.04583333333333333,J.Hyatt (NYG),Receiver/Tight End
"https://static.www.nfl.com/image/upload/f_auto,q_auto/league/trvilnckw7nprw1gkghl",00-0038976,M.Mims,WR,DEN,2,3,1,8,0,8,6,66,22,0.3333333333333333,6,-1.809623081702739,-0.06632846593856812,0,-0.603207693900913,0.03896103896103896,0.11205432937181664,0.1368795890018301,M.Mims (DEN),Receiver/Tight End
"https://static.www.nfl.com/image/upload/f_auto,q_auto/league/tqxgovzlhxj0jnwkcvtq",00-0038977,T.Dell,WR,HOU,2,11,4,37,0,9.25,14,147,13.363636363636363,0.36363636363636365,3.5,-2.771457295108121,0.008061081171035767,0.2727272727272727,-0.25195066319164733,0.16176470588235295,0.277882797731569,0.43716501723562773,T.Dell (HOU),Receiver/Tight End
NA,00-0038979,C.Tillman,WR,CLE,2,2,2,5,0,2.5,7,-2,-1,1,3.5,0.8088161037303507,0.014154097996652126,0.5,0.40440805186517537,0.02531645569620253,-0.0032679738562091504,0.035687101844957395,C.Tillman (CLE),Receiver/Tight End
"https://static.www.nfl.com/image/upload/f_auto,q_auto/league/tmyckmignrvy8truccwm",00-0038994,J.Addison,WR,MIN,1,6,3,35,0,11.666666666666666,0,47,7.833333333333333,0.5,0,3.5025201865355484,0.16020622849464417,0.5,0.5837533644225914,0.12,0.1323943661971831,0.27267605633802816,J.Addison (MIN),Receiver/Tight End
"https://static.www.nfl.com/image/upload/f_auto,q_auto/league/klrmgekdzx1ywjjmixp7",00-0038996,T.Kraft,TE,GB,2,6,4,53,0,13.25,45,12,2,0.6666666666666666,11.25,2.8500065396074206,0.05074843764305115,0.5,0.4750010899345701,0.12244897959183673,0.02926829268292683,0.20416127426580385,T.Kraft (GB),Receiver/Tight End
"https://static.www.nfl.com/image/upload/f_auto,q_auto/league/sodpdh4uhbhzjxbnmao1",00-0039041,E.Higgins,TE,ARI,2,3,3,30,1,10,9,21,7,1,3,3.746943116246257,0.030476300134472667,1,1.2489810387487523,0.057692307692307696,0.05185185185185185,0.12283475783475784,E.Higgins (ARI),Receiver/Tight End
"https://static.www.nfl.com/image/upload/f_auto,q_auto/league/zv0wdsdctgf2zw2ctumy",00-0039052,T.Palmer,WR,TB,2,3,1,19,0,19,1,26,8.666666666666666,0.3333333333333333,1,3.98049500992056,0.13842687010765076,0.6666666666666666,1.3268316699735199,0.061224489795918366,0.08904109589041095,0.1541655018171652,T.Palmer (TB),Receiver/Tight End
"https://static.www.nfl.com/image/private/f_auto,q_auto/league/ie1yo3orpq0mqemptnko",00-0039062,J.Mingo,WR,CAR,2,8,3,41,0,13.666666666666666,17,44,5.5,0.375,5.666666666666667,0.12670981039991602,-0.010861918584851082,0.375,0.015838726299989503,0.14035087719298245,0.09565217391304348,0.2774828375286041,J.Mingo (CAR),Receiver/Tight End
"https://static.www.nfl.com/image/upload/f_auto,q_auto/league/oidhqwg0fjvanyk57nc1",00-0039064,Z.Flowers,WR,BAL,2,25,14,128,1,9.142857142857142,50,155,6.2,0.56,3.5714285714285716,-1.7498822087782346,0.014660100514058638,0.48,-0.06999528835112939,0.3333333333333333,0.27978339350180503,0.6958483754512635,Z.Flowers (BAL),Receiver/Tight End
"https://static.www.nfl.com/image/upload/f_auto,q_auto/league/ucw8cfj5t5nwkx670wzu",00-0039065,S.LaPorta,TE,DET,2,9,6,58,0,9.666666666666666,27,32,3.5555555555555554,0.6666666666666666,4.5,2.194349514408531,0.1447712481021881,0.5555555555555556,0.243816612712059,0.10714285714285714,0.0564373897707231,0.20022045855379186,S.LaPorta (DET),Receiver/Tight End
"https://static.www.nfl.com/image/upload/f_auto,q_auto/league/rmc4igjgu5za2va8rfe1",00-0039066,M.Mayer,TE,LV,2,4,3,14,0,4.666666666666667,7,10,2.5,0.75,2.3333333333333335,0.07572418521158397,0.03772851824760437,0.5,0.018931046302895993,0.056338028169014086,0.026041666666666668,0.1027362089201878,M.Mayer (LV),Receiver/Tight End
"https://static.www.nfl.com/image/private/f_auto,q_auto/league/zjgi60dvmj5ogvanp201",00-0039067,R.Rice,WR,KC,2,17,12,178,1,14.833333333333334,120,91,5.352941176470588,0.7058823529411765,10,9.551972712622955,0.5522715977986983,0.5882352941176471,0.5618807478013503,0.3148148148148148,0.3382899628252788,0.7090251961999173,R.Rice (KC),Receiver/Tight End
"https://static.www.nfl.com/image/upload/f_auto,q_auto/league/ihbec16pwn2ki5woyr4m",00-0039074,D.Allen,TE,LA,1,1,0,0,0,NA,0,2,2,0,NA,-0.5085446224547923,-0.015353858470916748,0,-0.5085446224547923,0.013157894736842105,0.004454342984409799,0.022854882194350015,D.Allen (LA),Receiver/Tight End
"https://static.www.nfl.com/image/upload/f_auto,q_auto/league/i1pmrhua5gpvwgsqphxa",00-0039075,P.Nacua,WR,LA,1,4,4,35,0,8.75,17,18,4.5,1,4.25,1.2126696480554529,0.07353955507278442,0.75,0.3031674120138632,0.05263157894736842,0.0400890868596882,0.10700972922283436,P.Nacua (LA),Receiver/Tight End
"https://static.www.nfl.com/image/upload/f_auto,q_auto/league/mn9nugrtq8kb8sysrvne",00-0039144,L.Musgrave,TE,GB,2,4,1,6,0,6,7,32,8,0.25,7,-4.907006771536544,-0.1950949728488922,0.25,-1.226751692884136,0.08163265306122448,0.07804878048780488,0.17708312593330014,L.Musgrave (GB),Receiver/Tight End
"https://static.www.nfl.com/image/upload/f_auto,q_auto/league/blh2tfg9qjthqo2g6ot4",00-0039146,J.Reed,WR,GB,2,9,7,147,1,21,67,101,11.222222222222221,0.7777777777777778,9.571428571428571,6.80173758837541,0.34019242665932214,0.4444444444444444,0.7557486209306011,0.1836734693877551,0.24634146341463414,0.44794922847187657,J.Reed (GB),Receiver/Tight End
"https://static.www.nfl.com/image/upload/f_auto,q_auto/league/cj13ngp4tjmi9621trrk",00-0039236,J.Wilson,WR,PHI,2,2,0,0,0,NA,0,40,20,0,NA,-1.920478023996111,-0.09801271557807922,0,-0.9602390119980555,0.03125,0.0947867298578199,0.11322571090047392,J.Wilson (PHI),Receiver/Tight End
"https://static.www.nfl.com/image/upload/f_auto,q_auto/league/w3edoyyuomqlovvp9ixc",00-0039337,M.Nabers,WR,NYG,2,26,15,193,1,12.866666666666667,108,257,9.884615384615385,0.5769230769230769,7.2,13.852401692594867,0.4731744711734355,0.5,0.532784680484418,0.3611111111111111,0.5099206349206349,0.898611111111111,M.Nabers (NYG),Receiver/Tight End
"https://static.www.nfl.com/image/upload/f_auto,q_auto/league/mjy86xh8munoiur4hejf",00-0039338,B.Bowers,TE,LV,2,17,15,156,0,10.4,58,95,5.588235294117647,0.8823529411764706,3.8666666666666667,10.968935010110727,0.3824267890304327,0.6470588235294118,0.645231471182984,0.23943661971830985,0.24739583333333334,0.5323320129107981,B.Bowers (LV),Receiver/Tight End
"https://static.www.nfl.com/image/upload/f_auto,q_auto/league/a3etuvp3kqtwmtkioq8g",00-0039342,X.Legette,WR,CAR,1,7,4,35,0,8.75,5,112,16,0.5714285714285714,1.25,-0.6962868983900106,9.122332994593307e-4,0.42857142857142855,-0.09946955691285865,0.12280701754385964,0.24347826086956523,0.3546453089244851,X.Legette (CAR),Receiver/Tight End
"https://static.www.nfl.com/image/upload/f_auto,q_auto/league/iqzscuxu9lxjfhoyxsjg",00-0039355,L.McCaffrey,WR,WAS,1,5,3,18,0,6,20,-2,-0.4,0.6,6.666666666666667,0.3166555778726632,-0.018179203102365094,0.4,0.06333111557453264,0.09259259259259259,-0.00819672131147541,0.1331511839708561,L.McCaffrey (WAS),Receiver/Tight End
NA,00-0039356,J.Sanders,TE,CAR,2,4,3,12,0,4,12,0,0,0.75,4,-0.5205196075839922,-0.050564133969601244,0.75,-0.13012990189599805,0.07017543859649122,0,0.10526315789473684,J.Sanders (CAR),Receiver/Tight End
"https://static.www.nfl.com/image/upload/f_auto,q_auto/league/ehruudekjzjney5dircm",00-0039359,C.Stover,TE,HOU,1,1,1,18,0,18,18,0,0,1,18,3.168148438911885,0.12358283996582031,1,3.168148438911885,0.014705882352941176,0,0.022058823529411763,C.Stover (HOU),Receiver/Tight End
"https://static.www.nfl.com/image/upload/f_auto,q_auto/league/zo2ojijv5b6bhy2fcjyk",00-0039386,B.Means,WR,NO,1,1,0,0,0,NA,0,8,8,0,NA,-0.5536398805561475,-3.933906555175781e-5,0,-0.5536398805561475,0.025,0.02346041055718475,0.05392228739002933,B.Means (NO),Receiver/Tight End
"https://static.www.nfl.com/image/upload/f_auto,q_auto/league/f2lz4vsh2daurrwdamzv",00-0039424,D.Vele,WR,DEN,1,8,8,39,0,4.875,22,17,2.125,1,2.75,-0.5973493119236082,-0.012434728443622589,0.375,-0.07466866399045102,0.1038961038961039,0.028862478777589132,0.17604789098846824,D.Vele (DEN),Receiver/Tight End
"https://static.www.nfl.com/image/upload/f_auto,q_auto/league/bn9b4pb8om6w3escvitt",00-0039530,B.Spann-Ford,TE,DAL,1,1,0,0,0,NA,0,6,6,0,NA,-3.337987351580523,-0.002774496329948306,0,-3.337987351580523,0.013513513513513514,0.009448818897637795,0.02688444349861673,B.Spann-Ford (DAL),Receiver/Tight End
"https://static.www.nfl.com/image/upload/f_auto,q_auto/league/ldzn20eu15intdsolw9i",00-0039623,M.Tipton,WR,NO,1,1,1,6,0,6,1,5,5,1,1,-0.8140684939781584,-0.002152383327484131,0,-0.8140684939781584,0.025,0.01466275659824047,0.04776392961876833,M.Tipton (NO),Receiver/Tight End
"https://static.www.nfl.com/image/upload/f_auto,q_auto/league/x5j7yvx4iheje5vw4tek",00-0039751,J.Whittington,WR,LA,1,2,2,22,0,11,26,-4,-2,1,13,2.4175302218063734,0.0033536170376464725,1,1.2087651109031867,0.02631578947368421,-0.008908685968819599,0.0332376040323526,J.Whittington (LA),Receiver/Tight End
"https://static.www.nfl.com/image/upload/f_auto,q_auto/league/ifbhq7ghxf2mcvhzuxsz",00-0039810,J.Burton,WR,CIN,1,2,1,47,0,47,7,67,33.5,0.5,7,2.7766948171774857,0.12494343519210815,0.5,1.3883474085887428,0.03076923076923077,0.1731266149870801,0.16734247664480223,J.Burton (CIN),Receiver/Tight End
"https://static.www.nfl.com/image/upload/f_auto,q_auto/league/ifkhcxze7lnxkpzjvsmk",00-0039814,E.All,TE,CIN,1,4,4,32,0,8,14,18,4.5,1,3.5,1.3477987587102689,0.05900341272354126,0.75,0.3369496896775672,0.06153846153846154,0.046511627906976744,0.12486583184257603,E.All (CIN),Receiver/Tight End
"https://static.www.nfl.com/image/upload/f_auto,q_auto/league/f9bhzz8fogzta1qkg9ms",00-0039824,J.Wiley,TE,KC,1,1,1,7,0,7,3,4,4,1,3,-0.145088373683393,-0.015152931213378906,0,-0.145088373683393,0.018518518518518517,0.01486988847583643,0.038186699710863276,J.Wiley (KC),Receiver/Tight End
"https://static.www.nfl.com/image/upload/f_auto,q_auto/league/gljwzcxubvoqjxwnakze",00-0039847,T.Johnson,TE,NYG,1,4,1,18,0,18,5,33,8.25,0.25,5,-0.9912300743744709,-0.05289168655872345,0.25,-0.24780751859361771,0.05555555555555555,0.06547619047619048,0.12916666666666665,T.Johnson (NYG),Receiver/Tight End
NA,00-0039849,M.Harrison,WR,ARI,2,11,5,134,2,26.8,29,181,16.454545454545453,0.45454545454545453,5.8,8.467589774751104,0.07913839120574362,0.36363636363636365,0.7697808886137367,0.21153846153846154,0.4469135802469136,0.6301471984805318,M.Harrison (ARI),Receiver/Tight End
"https://static.www.nfl.com/image/upload/f_auto,q_auto/league/zdxkyl8gy4dqiq6evfzp",00-0039855,J.McMillan,WR,TB,2,7,2,53,1,26.5,3,93,13.285714285714286,0.2857142857142857,1.5,5.030465221769994,0.10410199453453661,0.5714285714285714,0.7186378888242848,0.14285714285714285,0.3184931506849315,0.4372309197651663,J.McMillan (TB),Receiver/Tight End
"https://static.www.nfl.com/image/upload/f_auto,q_auto/league/w429urxwxc8sw4bsbvxz",00-0039868,T.Franklin,WR,DEN,1,1,0,0,0,NA,0,-2,-2,0,NA,-2.0262442723615095,-0.045567721128463745,0,-2.0262442723615095,0.012987012987012988,-0.003395585738539898,0.01710360946354155,T.Franklin (DEN),Receiver/Tight End
"https://static.www.nfl.com/image/upload/f_auto,q_auto/league/fztxucnxhoxep6utluyc",00-0039890,A.Mitchell,WR,IND,2,11,2,32,0,16,4,170,15.454545454545455,0.18181818181818182,2,-4.446728188660927,-0.11359693109989166,0.2727272727272727,-0.4042480171509934,0.20754716981132076,0.23383768913342504,0.4750071371103787,A.Mitchell (IND),Receiver/Tight End
NA,00-0039893,B.Thomas,WR,JAX,2,9,6,141,1,23.5,30,120,13.333333333333334,0.6666666666666666,5,12.711682698718505,0.3449401819114811,0.7777777777777778,1.4124091887465005,0.17647058823529413,0.210896309314587,0.41233329887315207,B.Thomas (JAX),Receiver/Tight End
"https://static.www.nfl.com/image/upload/f_auto,q_auto/league/fvzbx5gpiqkogglyoo1w",00-0039894,X.Worthy,WR,KC,2,8,4,64,1,16,46,66,8.25,0.5,11.5,0.638152899347472,-0.046320643543945494,0.375,0.079769112418434,0.14814814814814814,0.24535315985130113,0.393969434118133,X.Worthy (KC),Receiver/Tight End
"https://static.www.nfl.com/image/upload/f_auto,q_auto/league/ipwpdgb0cm3xy3d8zu1l",00-0039901,K.Coleman,WR,BUF,2,7,4,51,0,12.75,11,67,9.571428571428571,0.5714285714285714,2.75,2.9408816416744674,0.0570160448551178,0.5714285714285714,0.4201259488106382,0.16666666666666666,0.21967213114754097,0.4037704918032787,K.Coleman (BUF),Receiver/Tight End
NA,00-0039907,J.Polk,WR,NE,2,4,3,18,1,6,0,33,8.25,0.75,0,1.3358823109301738,0.02283770997576151,0.75,0.33397057773254346,0.0784313725490196,0.11036789297658862,0.19490458390714144,J.Polk (NE),Receiver/Tight End
"https://static.www.nfl.com/image/upload/f_auto,q_auto/league/wcx39ialovvxxnvs2bke",00-0039915,L.McConkey,WR,LAC,2,11,7,65,1,9.285714285714286,27,89,8.090909090909092,0.6363636363636364,3.857142857142857,0.03814423240706155,-0.10068342899112026,0.5454545454545454,0.00346765749155105,0.2391304347826087,0.29276315789473684,0.5636298627002289,L.McConkey (LAC),Receiver/Tight End
"https://static.www.nfl.com/image/upload/f_auto,q_auto/league/labs8tstecnehvzfmrs5",00-0039919,R.Odunze,WR,CHI,2,10,3,44,0,14.666666666666666,17,85,8.5,0.3,5.666666666666667,-3.317784392624162,-0.11514575034379959,0.3,-0.33177843926241624,0.14925373134328357,0.17034068136272545,0.3431190739688332,R.Odunze (CHI),Receiver/Tight End
"https://static.www.nfl.com/image/upload/f_auto,q_auto/league/wukmdigs85jyubxw0iur",00-0039920,M.Corley,WR,NYJ,1,1,1,4,0,4,5,-1,-1,1,5,-0.4757801713421941,-0.02491012215614319,0,-0.4757801713421941,0.016666666666666666,-0.0027624309392265192,0.02306629834254144,M.Corley (NYJ),Receiver/Tight End
